,precision,recall,f1-score,support
discrimination,0.7379032258064516,0.8632075471698113,0.7956521739130435,212.0
neutral,0.8352272727272727,0.6933962264150944,0.7577319587628866,212.0
accuracy,0.7783018867924528,0.7783018867924528,0.7783018867924528,0.7783018867924528
macro avg,0.7865652492668622,0.7783018867924528,0.7766920663379651,424.0
weighted avg,0.7865652492668621,0.7783018867924528,0.7766920663379651,424.0
